<?xml version="1.0" encoding="UTF-8"?>
<project-private xmlns="http://www.netbeans.org/ns/project-private/1">
    <editor-bookmarks xmlns="http://www.netbeans.org/ns/editor-bookmarks/2" lastBookmarkId="0"/>
    <open-files xmlns="http://www.netbeans.org/ns/projectui-open-files/2">
        <group>
            <file>file:/C:/Users/smoon/DecoratorPattern/src/decoratorpattern/SingltonDecoratorTest.java</file>
            <file>file:/C:/Users/smoon/DecoratorPattern/src/decoratorpattern/Weapon.java</file>
            <file>file:/C:/Users/smoon/DecoratorPattern/src/decoratorpattern/Player.java</file>
            <file>file:/C:/Users/smoon/DecoratorPattern/src/decoratorpattern/M4.java</file>
        </group>
    </open-files>
</project-private>
